project_name,protocol_uri
dong_antero,http://doi.org/10.17504/protocols.io.4xjgxkn
dong_retro,http://doi.org/10.17504/protocols.io.4xpgxmn
dong_trio,http://doi.org/10.17504/protocols.io.4xsgxne
ecker_sn_ATACseq,http://doi.org/10.17504/protocols.io.pjudknw
ecker_sn_mCseq,http://doi.org/10.17504/protocols.io.pjvdkn6
ecker_sn_mCseq_retro,http://doi.org/10.17504/protocols.io.pjvdkn6
ecker_trio,http://doi.org/10.17504/protocols.io.4xsgxne
feng_sn_dropseq,http://doi.org/10.17504/protocols.io.2srged6
huang_antero,http://doi.org/10.17504/protocols.io.4xjgxkn
huang_retro,http://doi.org/10.17504/protocols.io.4xpgxmn
huang_sn_10xv2,http://doi.org/10.17504/protocols.io.md2c28e
huang_sn_10xv3,http://doi.org/10.17504/protocols.io.md2c28e
huang_stpt_conn,http://doi.org/10.17504/protocols.io.sqcedsw
huang_stpt_count,http://doi.org/10.17504/protocols.io.sqcedsw
kriegstein_sc_10x,https://cells.ucsc.edu/cortex-dev/protocol.pdf
kriegstein_sc_ATACseq,https://assets.ctfassets.net/an68im79xiti/615GcV6E7TzuqXKqMjPBtP/9badb815aacebe97a6ac5ecf9d86154b/CG000168_ChromiumSingleCellATAC_ReagentKits_UserGuide_RevB.pdf
kriegstein_sn_10x,https://cells.ucsc.edu/cortex-dev/protocol.pdf
lein_sn_10xv2,http://doi.org/10.17504/protocols.io.y6rfzd6
lein_sn_10xv2,http://doi.org/10.17504/protocols.io.nx3dfqn
lein_sn_10xv2,http://doi.org/10.17504/protocols.io.7aehibe
lein_sn_10xv3,http://doi.org/10.17504/protocols.io.y6rfzd6
lein_sn_10xv3,http://doi.org/10.17504/protocols.io.nx3dfqn
lein_sn_10xv3,http://doi.org/10.17504/protocols.io.7aehibe
lein_sn_SSv4,http://doi.org/10.17504/protocols.io.ztqf6mw
lein_sn_SSv4,http://doi.org/10.17504/protocols.io.7aehibe
lein_sn_SSv4,http://doi.org/10.17504/protocols.io.7d5hi86
lein_sn_SSv4,http://doi.org/10.17504/protocols.io.63rhgm6
lein_sn_SSv4,http://doi.org/10.17504/protocols.io.7d6hi9e
osten_stpt,http://doi.org/10.17504/protocols.io.smvec66
zeng_expr_char,http://help.brain-map.org/download/attachments/8323525/Mouse_Common_Coordinate_Framework.pdf
zeng_fmost,http://doi.org/10.17504/protocols.io.ssgeebw
zeng_fmost_cells,http://doi.org/10.17504/protocols.io.ssgeebw
zeng_retro,http://help.brain-map.org/display/mouseconnectivity/Documentation
zeng_sc_10xv2,http://doi.org/10.17504/protocols.io.ynxfvfn
zeng_sc_SSv4,http://doi.org/10.17504/protocols.io.7dwhi7e
zeng_sc_SSv4,http://doi.org/10.17504/protocols.io.63rhgm6
zeng_sc_SSv4,http://doi.org/10.17504/protocols.io.7d6hi9e
zeng_sc_SSv4,http://doi.org/10.17504/protocols.io.7d5hi86
zeng_sc_SSv4_viral,http://doi.org/10.17504/protocols.io.7dwhi7e
zeng_sc_SSv4_viral,http://doi.org/10.17504/protocols.io.63rhgm6
zeng_sc_SSv4_viral,http://doi.org/10.17504/protocols.io.7d6hi9e
zeng_sc_SSv4_viral,http://doi.org/10.17504/protocols.io.7d5hi86
zeng_sn_10xv2,http://doi.org/10.17504/protocols.io.ynxfvfn
zeng_sn_SSv4,http://help.brain-map.org/display/celltypes/Documentation
zhangK_cj_snareseq_R,http://doi.org/10.17504/protocols.io.8tvhwn6
zhangK_cj_snareseq_AC,http://doi.org/10.17504/protocols.io.8tvhwn6
zhangK_hs_snareseq_R,http://doi.org/10.17504/protocols.io.8tvhwn6
zhangK_hs_snareseq_AC,http://doi.org/10.17504/protocols.io.8tvhwn6
